timestamp,avgHighPrice,avgLowPrice,highPriceVolume,lowPriceVolume,name,update,update1,update2,update3,priceIn6H,Price6H,Volume6H,Price12H,Volume12H,Price18H,Volume18H,Price24H,Volume24H,Price30H,Volume30H,Price36H,Volume36H,Price42H,Volume42H,Price48H,Volume48H,Price54H,Volume54H,Price72H,Volume72H,Price96H,Volume96H,Price120H,Volume120H,Price144H,Volume144H,Nature rune
1645315200,210,208,1344531,1104010,Nature rune,0,0,0,1,209,210,1344531,211,1442544,209,2208483,209,2091457,210,2017458,209,1108676,209,1911699,209,1730020,210,1424489,209,2558876,206,2190522,204,2833867,205,2278374,1
1645336800,211,209,1442544,586726,Nature rune,0,0,0,1,210,211,1442544,209,2208483,209,2091457,210,2017458,209,1108676,209,1911699,209,1730020,210,1424489,209,1584364,208,1510654,206,2105010,204,1584829,204,1527357,1
1645358400,209,207,2208483,1128553,Nature rune,0,0,0,1,211,209,2208483,209,2091457,210,2017458,209,1108676,209,1911699,209,1730020,210,1424489,209,1584364,209,1677836,207,1191826,206,876407,204,1262022,205,1044560,1
1645380000,209,207,2091457,1514816,Nature rune,0,0,0,1,209,209,2091457,210,2017458,209,1108676,209,1911699,209,1730020,210,1424489,209,1584364,209,1677836,209,2558876,207,1657343,204,2291467,203,2491307,203,1950982,1
1645401600,210,209,2017458,771089,Nature rune,0,0,0,1,209,210,2017458,209,1108676,209,1911699,209,1730020,210,1424489,209,1584364,209,1677836,209,2558876,208,1510654,206,2190522,204,2833867,205,2278374,204,1528448,1
1645423200,209,208,1108676,666585,Nature rune,0,0,0,1,210,209,1108676,209,1911699,209,1730020,210,1424489,209,1584364,209,1677836,209,2558876,208,1510654,207,1191826,206,2105010,204,1584829,204,1527357,205,1873756,1
1645444800,209,208,1911699,962044,Nature rune,0,0,0,1,209,209,1911699,209,1730020,210,1424489,209,1584364,209,1677836,209,2558876,208,1510654,207,1191826,207,1657343,206,876407,204,1262022,205,1044560,207,1476155,1
1645466400,209,207,1730020,1329435,Nature rune,0,0,0,1,209,209,1730020,210,1424489,209,1584364,209,1677836,209,2558876,208,1510654,207,1191826,207,1657343,206,2190522,204,2291467,203,2491307,203,1950982,205,1465978,1
1645488000,210,208,1424489,950211,Nature rune,0,0,0,1,209,210,1424489,209,1584364,209,1677836,209,2558876,208,1510654,207,1191826,207,1657343,206,2190522,206,2105010,204,2833867,205,2278374,204,1528448,207,1544585,1
1645509600,209,208,1584364,521614,Nature rune,0,0,0,1,210,209,1584364,209,1677836,209,2558876,208,1510654,207,1191826,207,1657343,206,2190522,206,2105010,206,876407,204,1584829,204,1527357,205,1873756,208,1215989,1
1645531200,209,206,1677836,878080,Nature rune,0,0,0,1,209,209,1677836,209,2558876,208,1510654,207,1191826,207,1657343,206,2190522,206,2105010,206,876407,204,2291467,204,1262022,205,1044560,207,1476155,207,1062579,1
1645552800,209,205,2558876,1328325,Nature rune,0,0,0,1,209,209,2558876,208,1510654,207,1191826,207,1657343,206,2190522,206,2105010,206,876407,204,2291467,204,2833867,203,2491307,203,1950982,205,1465978,204,2275333,1
1645574400,208,206,1510654,1125919,Nature rune,0,0,0,1,209,208,1510654,207,1191826,207,1657343,206,2190522,206,2105010,206,876407,204,2291467,204,2833867,204,1584829,205,2278374,204,1528448,207,1544585,201,2666581,1
1645596000,207,205,1191826,547467,Nature rune,0,0,0,1,208,207,1191826,207,1657343,206,2190522,206,2105010,206,876407,204,2291467,204,2833867,204,1584829,204,1262022,204,1527357,205,1873756,208,1215989,203,2395993,1
1645617600,207,205,1657343,914552,Nature rune,0,0,0,1,207,207,1657343,206,2190522,206,2105010,206,876407,204,2291467,204,2833867,204,1584829,204,1262022,203,2491307,205,1044560,207,1476155,207,1062579,204,1653514,1
1645639200,206,202,2190522,1243482,Nature rune,0,0,0,1,207,206,2190522,206,2105010,206,876407,204,2291467,204,2833867,204,1584829,204,1262022,203,2491307,205,2278374,203,1950982,205,1465978,204,2275333,203,1586588,1
1645660800,206,203,2105010,895556,Nature rune,0,0,0,1,206,206,2105010,206,876407,204,2291467,204,2833867,204,1584829,204,1262022,203,2491307,205,2278374,204,1527357,204,1528448,207,1544585,201,2666581,202,2488147,1
1645682400,206,205,876407,613635,Nature rune,0,0,0,1,206,206,876407,204,2291467,204,2833867,204,1584829,204,1262022,203,2491307,205,2278374,204,1527357,205,1044560,205,1873756,208,1215989,203,2395993,202,2032289,1
1645704000,204,202,2291467,889595,Nature rune,0,0,0,1,206,204,2291467,204,2833867,204,1584829,204,1262022,203,2491307,205,2278374,204,1527357,205,1044560,203,1950982,207,1476155,207,1062579,204,1653514,203,96097,1
1645725600,204,201,2833867,1378635,Nature rune,0,0,0,1,204,204,2833867,204,1584829,204,1262022,203,2491307,205,2278374,204,1527357,205,1044560,203,1950982,204,1528448,205,1465978,204,2275333,203,1586588,203,1445601,1
1645747200,204,201,1584829,1555951,Nature rune,0,0,0,1,204,204,1584829,204,1262022,203,2491307,205,2278374,204,1527357,205,1044560,203,1950982,204,1528448,205,1873756,207,1544585,201,2666581,202,2488147,202,1915921,1
1645768800,204,203,1262022,666417,Nature rune,0,0,0,1,204,204,1262022,203,2491307,205,2278374,204,1527357,205,1044560,203,1950982,204,1528448,205,1873756,207,1476155,208,1215989,203,2395993,202,2032289,202,1482981,1
1645790400,203,201,2491307,1107061,Nature rune,0,0,0,1,204,203,2491307,205,2278374,204,1527357,205,1044560,203,1950982,204,1528448,205,1873756,207,1476155,205,1465978,207,1062579,204,1653514,203,96097,203,1317433,1
1645812000,205,202,2278374,1154793,Nature rune,0,0,0,1,203,205,2278374,204,1527357,205,1044560,203,1950982,204,1528448,205,1873756,207,1476155,205,1465978,207,1544585,204,2275333,203,1586588,203,1445601,203,1496414,1
1645833600,204,202,1527357,1132319,Nature rune,0,0,0,1,205,204,1527357,205,1044560,203,1950982,204,1528448,205,1873756,207,1476155,205,1465978,207,1544585,208,1215989,201,2666581,202,2488147,202,1915921,202,1233137,1
1645855200,205,203,1044560,595715,Nature rune,0,0,0,1,204,205,1044560,203,1950982,204,1528448,205,1873756,207,1476155,205,1465978,207,1544585,208,1215989,207,1062579,203,2395993,202,2032289,202,1482981,203,1843893,1
1645876800,203,201,1950982,1232482,Nature rune,0,0,0,1,205,203,1950982,204,1528448,205,1873756,207,1476155,205,1465978,207,1544585,208,1215989,207,1062579,204,2275333,204,1653514,203,96097,203,1317433,204,1030782,1
1645898400,204,202,1528448,1274574,Nature rune,0,0,0,1,203,204,1528448,205,1873756,207,1476155,205,1465978,207,1544585,208,1215989,207,1062579,204,2275333,201,2666581,203,1586588,203,1445601,203,1496414,201,1976981,1
1645920000,205,203,1873756,1124027,Nature rune,0,0,0,1,204,205,1873756,207,1476155,205,1465978,207,1544585,208,1215989,207,1062579,204,2275333,201,2666581,203,2395993,202,2488147,202,1915921,202,1233137,200,2621332,1
1645941600,207,204,1476155,987566,Nature rune,0,0,0,1,205,207,1476155,205,1465978,207,1544585,208,1215989,207,1062579,204,2275333,201,2666581,203,2395993,204,1653514,202,2032289,202,1482981,203,1843893,202,1900170,1
1645963200,205,203,1465978,1039661,Nature rune,0,0,0,1,207,205,1465978,207,1544585,208,1215989,207,1062579,204,2275333,201,2666581,203,2395993,204,1653514,203,1586588,203,96097,203,1317433,204,1030782,204,1453784,1
1645984800,207,204,1544585,1421117,Nature rune,0,0,0,1,205,207,1544585,208,1215989,207,1062579,204,2275333,201,2666581,203,2395993,204,1653514,203,1586588,202,2488147,203,1445601,203,1496414,201,1976981,199,1503313,1
1646006400,208,205,1215989,1160679,Nature rune,0,0,0,1,207,208,1215989,207,1062579,204,2275333,201,2666581,203,2395993,204,1653514,203,1586588,202,2488147,202,2032289,202,1915921,202,1233137,200,2621332,196,1760852,1
1646028000,207,205,1062579,612665,Nature rune,0,0,0,1,208,207,1062579,204,2275333,201,2666581,203,2395993,204,1653514,203,1586588,202,2488147,202,2032289,203,96097,202,1482981,203,1843893,202,1900170,192,1129616,1
1646049600,204,203,2275333,940509,Nature rune,0,0,0,1,207,204,2275333,201,2666581,203,2395993,204,1653514,203,1586588,202,2488147,202,2032289,203,96097,203,1445601,203,1317433,204,1030782,204,1453784,189,1665519,1
1646071200,201,196,2666581,1219029,Nature rune,0,0,0,1,204,201,2666581,203,2395993,204,1653514,203,1586588,202,2488147,202,2032289,203,96097,203,1445601,202,1915921,203,1496414,201,1976981,199,1503313,190,969849,1
1646092800,203,200,2395993,971532,Nature rune,0,0,0,1,201,203,2395993,204,1653514,203,1586588,202,2488147,202,2032289,203,96097,203,1445601,202,1915921,202,1482981,202,1233137,200,2621332,196,1760852,194,2009398,1
1646114400,204,201,1653514,576738,Nature rune,0,0,0,1,203,204,1653514,203,1586588,202,2488147,202,2032289,203,96097,203,1445601,202,1915921,202,1482981,203,1317433,203,1843893,202,1900170,192,1129616,193,1829732,1
1646136000,203,202,1586588,815358,Nature rune,0,0,0,1,204,203,1586588,202,2488147,202,2032289,203,96097,203,1445601,202,1915921,202,1482981,203,1317433,203,1496414,204,1030782,204,1453784,189,1665519,193,890647,1
1646157600,202,200,2488147,1348353,Nature rune,0,0,0,1,203,202,2488147,202,2032289,203,96097,203,1445601,202,1915921,202,1482981,203,1317433,203,1496414,202,1233137,201,1976981,199,1503313,190,969849,186,2380863,1
1646179200,202,199,2032289,1002768,Nature rune,0,0,0,1,202,202,2032289,203,96097,203,1445601,202,1915921,202,1482981,203,1317433,203,1496414,202,1233137,203,1843893,200,2621332,196,1760852,194,2009398,190,2582873,1
1646200800,203,200,96097,61364,Nature rune,0,0,0,1,202,203,96097,203,1445601,202,1915921,202,1482981,203,1317433,203,1496414,202,1233137,203,1843893,204,1030782,202,1900170,192,1129616,193,1829732,191,1674260,1
1646222400,203,201,1445601,978901,Nature rune,0,0,0,1,203,203,1445601,202,1915921,202,1482981,203,1317433,203,1496414,202,1233137,203,1843893,204,1030782,201,1976981,204,1453784,189,1665519,193,890647,190,1384489,1
1646244000,202,200,1915921,1130595,Nature rune,0,0,0,1,203,202,1915921,202,1482981,203,1317433,203,1496414,202,1233137,203,1843893,204,1030782,201,1976981,200,2621332,199,1503313,190,969849,186,2380863,191,1948665,1
1646265600,202,200,1482981,955650,Nature rune,0,0,0,1,202,202,1482981,203,1317433,203,1496414,202,1233137,203,1843893,204,1030782,201,1976981,200,2621332,202,1900170,196,1760852,194,2009398,190,2582873,189,490298,1
1646287200,203,201,1317433,740268,Nature rune,0,0,0,1,202,203,1317433,203,1496414,202,1233137,203,1843893,204,1030782,201,1976981,200,2621332,202,1900170,204,1453784,192,1129616,193,1829732,191,1674260,190,1543282,1
1646308800,203,201,1496414,820802,Nature rune,0,0,0,1,203,203,1496414,202,1233137,203,1843893,204,1030782,201,1976981,200,2621332,202,1900170,204,1453784,199,1503313,189,1665519,193,890647,190,1384489,190,1161204,1
1646330400,202,200,1233137,1440096,Nature rune,0,0,0,1,203,202,1233137,203,1843893,204,1030782,201,1976981,200,2621332,202,1900170,204,1453784,199,1503313,196,1760852,190,969849,186,2380863,191,1948665,188,1867192,1
1646352000,203,200,1843893,968265,Nature rune,0,0,0,1,202,203,1843893,204,1030782,201,1976981,200,2621332,202,1900170,204,1453784,199,1503313,196,1760852,192,1129616,194,2009398,190,2582873,189,490298,191,2064547,1
1646373600,204,201,1030782,979001,Nature rune,0,0,0,1,203,204,1030782,201,1976981,200,2621332,202,1900170,204,1453784,199,1503313,196,1760852,192,1129616,189,1665519,193,1829732,191,1674260,190,1543282,191,1947107,1
1646395200,201,198,1976981,615856,Nature rune,0,0,0,1,204,201,1976981,200,2621332,202,1900170,204,1453784,199,1503313,196,1760852,192,1129616,189,1665519,190,969849,193,890647,190,1384489,190,1161204,192,1334706,1
1646416800,200,197,2621332,1227892,Nature rune,0,0,0,1,201,200,2621332,202,1900170,204,1453784,199,1503313,196,1760852,192,1129616,189,1665519,190,969849,194,2009398,186,2380863,191,1948665,188,1867192,189,1978174,1
1646438400,202,199,1900170,1179696,Nature rune,0,0,0,1,200,202,1900170,204,1453784,199,1503313,196,1760852,192,1129616,189,1665519,190,969849,194,2009398,193,1829732,190,2582873,189,490298,191,2064547,190,1835083,1
1646460000,204,202,1453784,760636,Nature rune,0,0,0,1,202,204,1453784,199,1503313,196,1760852,192,1129616,189,1665519,190,969849,194,2009398,193,1829732,193,890647,191,1674260,190,1543282,191,1947107,191,2029804,1
1646481600,199,196,1503313,544134,Nature rune,0,0,0,1,204,199,1503313,196,1760852,192,1129616,189,1665519,190,969849,194,2009398,193,1829732,193,890647,186,2380863,190,1384489,190,1161204,192,1334706,191,1333220,1
1646503200,196,193,1760852,1269400,Nature rune,0,0,0,1,199,196,1760852,192,1129616,189,1665519,190,969849,194,2009398,193,1829732,193,890647,186,2380863,190,2582873,191,1948665,188,1867192,189,1978174,191,1491617,1
1646524800,192,190,1129616,295320,Nature rune,0,0,0,1,196,192,1129616,189,1665519,190,969849,194,2009398,193,1829732,193,890647,186,2380863,190,2582873,191,1674260,189,490298,191,2064547,190,1835083,190,2067890,1
1646546400,189,187,1665519,278376,Nature rune,0,0,0,1,192,189,1665519,190,969849,194,2009398,193,1829732,193,890647,186,2380863,190,2582873,191,1674260,190,1384489,190,1543282,191,1947107,191,2029804,190,1617252,1
1646568000,190,189,969849,491533,Nature rune,0,0,0,1,189,190,969849,194,2009398,193,1829732,193,890647,186,2380863,190,2582873,191,1674260,190,1384489,191,1948665,190,1161204,192,1334706,191,1333220,191,1501118,1
1646589600,194,191,2009398,1237304,Nature rune,0,0,0,1,190,194,2009398,193,1829732,193,890647,186,2380863,190,2582873,191,1674260,190,1384489,191,1948665,189,490298,188,1867192,189,1978174,191,1491617,189,1744795,1
1646611200,193,190,1829732,1295239,Nature rune,0,0,0,1,194,193,1829732,193,890647,186,2380863,190,2582873,191,1674260,190,1384489,191,1948665,189,490298,190,1543282,191,2064547,190,1835083,190,2067890,191,1995017,1
1646632800,193,190,890647,583391,Nature rune,0,0,0,1,193,193,890647,186,2380863,190,2582873,191,1674260,190,1384489,191,1948665,189,490298,190,1543282,190,1161204,191,1947107,191,2029804,190,1617252,191,1189890,1
1646654400,186,184,2380863,995984,Nature rune,0,0,0,1,193,186,2380863,190,2582873,191,1674260,190,1384489,191,1948665,189,490298,190,1543282,190,1161204,188,1867192,192,1334706,191,1333220,191,1501118,191,1115487,1
1646676000,190,187,2582873,1269693,Nature rune,0,0,0,1,186,190,2582873,191,1674260,190,1384489,191,1948665,189,490298,190,1543282,190,1161204,188,1867192,191,2064547,189,1978174,191,1491617,189,1744795,185,2657927,1
1646697600,191,188,1674260,1270238,Nature rune,0,0,0,1,190,191,1674260,190,1384489,191,1948665,189,490298,190,1543282,190,1161204,188,1867192,191,2064547,191,1947107,190,1835083,190,2067890,191,1995017,190,2210821,1
1646719200,190,187,1384489,777588,Nature rune,0,0,0,1,191,190,1384489,191,1948665,189,490298,190,1543282,190,1161204,188,1867192,191,2064547,191,1947107,192,1334706,191,2029804,190,1617252,191,1189890,190,1733266,1
1646740800,191,189,1948665,726965,Nature rune,0,0,0,1,190,191,1948665,189,490298,190,1543282,190,1161204,188,1867192,191,2064547,191,1947107,192,1334706,189,1978174,191,1333220,191,1501118,191,1115487,190,942201,1
1646762400,189,186,490298,680233,Nature rune,0,0,0,1,191,189,490298,190,1543282,190,1161204,188,1867192,191,2064547,191,1947107,192,1334706,189,1978174,190,1835083,191,1491617,189,1744795,185,2657927,189,1598988,1
1646784000,190,189,1543282,1309710,Nature rune,0,0,0,1,189,190,1543282,190,1161204,188,1867192,191,2064547,191,1947107,192,1334706,189,1978174,190,1835083,191,2029804,190,2067890,191,1995017,190,2210821,189,2522000,1
1646805600,190,188,1161204,426812,Nature rune,0,0,0,1,190,190,1161204,188,1867192,191,2064547,191,1947107,192,1334706,189,1978174,190,1835083,191,2029804,191,1333220,190,1617252,191,1189890,190,1733266,189,1729177,1
1646827200,188,186,1867192,766788,Nature rune,0,0,0,1,190,188,1867192,191,2064547,191,1947107,192,1334706,189,1978174,190,1835083,191,2029804,191,1333220,191,1491617,191,1501118,191,1115487,190,942201,188,1345467,1
1646848800,191,189,2064547,922010,Nature rune,0,0,0,1,188,191,2064547,191,1947107,192,1334706,189,1978174,190,1835083,191,2029804,191,1333220,191,1491617,190,2067890,189,1744795,185,2657927,189,1598988,188,1411472,1
1646870400,191,190,1947107,982632,Nature rune,0,0,0,1,191,191,1947107,192,1334706,189,1978174,190,1835083,191,2029804,191,1333220,191,1491617,190,2067890,190,1617252,191,1995017,190,2210821,189,2522000,188,1849053,1
1646892000,192,190,1334706,595091,Nature rune,0,0,0,1,191,192,1334706,189,1978174,190,1835083,191,2029804,191,1333220,191,1491617,190,2067890,190,1617252,191,1501118,191,1189890,190,1733266,189,1729177,188,1516875,1
1646913600,189,187,1978174,853418,Nature rune,0,0,0,1,192,189,1978174,190,1835083,191,2029804,191,1333220,191,1491617,190,2067890,190,1617252,191,1501118,189,1744795,191,1115487,190,942201,188,1345467,188,1149608,1
1646935200,190,189,1835083,863366,Nature rune,0,0,0,1,189,190,1835083,191,2029804,191,1333220,191,1491617,190,2067890,190,1617252,191,1501118,189,1744795,191,1995017,185,2657927,189,1598988,188,1411472,188,1223349,1
1646956800,191,189,2029804,1138982,Nature rune,0,0,0,1,190,191,2029804,191,1333220,191,1491617,190,2067890,190,1617252,191,1501118,189,1744795,191,1995017,191,1189890,190,2210821,189,2522000,188,1849053,188,1958978,1
1646978400,191,190,1333220,591804,Nature rune,0,0,0,1,191,191,1333220,191,1491617,190,2067890,190,1617252,191,1501118,189,1744795,191,1995017,191,1189890,191,1115487,190,1733266,189,1729177,188,1516875,188,1577166,1
1647000000,191,189,1491617,1057071,Nature rune,0,0,0,1,191,191,1491617,190,2067890,190,1617252,191,1501118,189,1744795,191,1995017,191,1189890,191,1115487,185,2657927,190,942201,188,1345467,188,1149608,188,1416039,1
1647021600,190,189,2067890,935122,Nature rune,0,0,0,1,191,190,2067890,190,1617252,191,1501118,189,1744795,191,1995017,191,1189890,191,1115487,185,2657927,190,2210821,189,1598988,188,1411472,188,1223349,189,1921314,1
1647043200,190,186,1617252,1403716,Nature rune,0,0,0,1,190,190,1617252,191,1501118,189,1744795,191,1995017,191,1189890,191,1115487,185,2657927,190,2210821,190,1733266,189,2522000,188,1849053,188,1958978,191,1943967,1
1647064800,191,190,1501118,700380,Nature rune,0,0,0,1,190,191,1501118,189,1744795,191,1995017,191,1189890,191,1115487,185,2657927,190,2210821,190,1733266,190,942201,189,1729177,188,1516875,188,1577166,192,2055379,1
1647086400,189,186,1744795,1544728,Nature rune,0,0,0,1,191,189,1744795,191,1995017,191,1189890,191,1115487,185,2657927,190,2210821,190,1733266,190,942201,189,1598988,188,1345467,188,1149608,188,1416039,192,1298375,1
1647108000,191,189,1995017,1000684,Nature rune,0,0,0,1,189,191,1995017,191,1189890,191,1115487,185,2657927,190,2210821,190,1733266,190,942201,189,1598988,189,2522000,188,1411472,188,1223349,189,1921314,190,1866818,1
1647129600,191,189,1189890,908769,Nature rune,0,0,0,1,191,191,1189890,191,1115487,185,2657927,190,2210821,190,1733266,190,942201,189,1598988,189,2522000,189,1729177,188,1849053,188,1958978,191,1943967,190,2574670,1
1647151200,191,190,1115487,809523,Nature rune,0,0,0,1,191,191,1115487,185,2657927,190,2210821,190,1733266,190,942201,189,1598988,189,2522000,189,1729177,188,1345467,188,1516875,188,1577166,192,2055379,190,1731932,1
1647172800,185,183,2657927,869279,Nature rune,0,0,0,1,191,185,2657927,190,2210821,190,1733266,190,942201,189,1598988,189,2522000,189,1729177,188,1345467,188,1411472,188,1149608,188,1416039,192,1298375,191,1532073,1
1647194400,190,188,2210821,1132109,Nature rune,0,0,0,1,185,190,2210821,190,1733266,190,942201,189,1598988,189,2522000,189,1729177,188,1345467,188,1411472,188,1849053,188,1223349,189,1921314,190,1866818,191,2305945,1
1647216000,190,187,1733266,831098,Nature rune,0,0,0,1,190,190,1733266,190,942201,189,1598988,189,2522000,189,1729177,188,1345467,188,1411472,188,1849053,188,1516875,188,1958978,191,1943967,190,2574670,191,2252351,1
1647237600,190,188,942201,1320451,Nature rune,0,0,0,1,190,190,942201,189,1598988,189,2522000,189,1729177,188,1345467,188,1411472,188,1849053,188,1516875,188,1149608,188,1577166,192,2055379,190,1731932,190,1730971,1
1647259200,189,188,1598988,798208,Nature rune,0,0,0,1,190,189,1598988,189,2522000,189,1729177,188,1345467,188,1411472,188,1849053,188,1516875,188,1149608,188,1223349,188,1416039,192,1298375,191,1532073,190,1383349,1
1647280800,189,188,2522000,1120513,Nature rune,0,0,0,1,189,189,2522000,189,1729177,188,1345467,188,1411472,188,1849053,188,1516875,188,1149608,188,1223349,188,1958978,189,1921314,190,1866818,191,2305945,190,1781233,1
1647302400,189,187,1729177,808940,Nature rune,0,0,0,1,189,189,1729177,188,1345467,188,1411472,188,1849053,188,1516875,188,1149608,188,1223349,188,1958978,188,1577166,191,1943967,190,2574670,191,2252351,193,944341,1
1647324000,188,187,1345467,472552,Nature rune,0,0,0,1,189,188,1345467,188,1411472,188,1849053,188,1516875,188,1149608,188,1223349,188,1958978,188,1577166,188,1416039,192,2055379,190,1731932,190,1730971,192,2406039,1
1647345600,188,187,1411472,752617,Nature rune,0,0,0,1,188,188,1411472,188,1849053,188,1516875,188,1149608,188,1223349,188,1958978,188,1577166,188,1416039,189,1921314,192,1298375,191,1532073,190,1383349,192,1314270,1
1647367200,188,186,1849053,964069,Nature rune,0,0,0,1,188,188,1849053,188,1516875,188,1149608,188,1223349,188,1958978,188,1577166,188,1416039,189,1921314,191,1943967,190,1866818,191,2305945,190,1781233,195,1243572,1
1647388800,188,186,1516875,859091,Nature rune,0,0,0,1,188,188,1516875,188,1149608,188,1223349,188,1958978,188,1577166,188,1416039,189,1921314,191,1943967,192,2055379,190,2574670,191,2252351,193,944341,198,1872836,1
1647410400,188,187,1149608,549225,Nature rune,0,0,0,1,188,188,1149608,188,1223349,188,1958978,188,1577166,188,1416039,189,1921314,191,1943967,192,2055379,192,1298375,190,1731932,190,1730971,192,2406039,193,1369637,1
1647432000,188,187,1223349,691605,Nature rune,0,0,0,1,188,188,1223349,188,1958978,188,1577166,188,1416039,189,1921314,191,1943967,192,2055379,192,1298375,190,1866818,191,1532073,190,1383349,192,1314270,192,1533541,1
1647453600,188,186,1958978,1264356,Nature rune,0,0,0,1,188,188,1958978,188,1577166,188,1416039,189,1921314,191,1943967,192,2055379,192,1298375,190,1866818,190,2574670,191,2305945,190,1781233,195,1243572,190,1918709,1
1647475200,188,187,1577166,1253355,Nature rune,0,0,0,1,188,188,1577166,188,1416039,189,1921314,191,1943967,192,2055379,192,1298375,190,1866818,190,2574670,190,1731932,191,2252351,193,944341,198,1872836,194,2354322,1
1647496800,188,186,1416039,676175,Nature rune,0,0,0,1,188,188,1416039,189,1921314,191,1943967,192,2055379,192,1298375,190,1866818,190,2574670,190,1731932,191,1532073,190,1730971,192,2406039,193,1369637,195,1526015,1
1647518400,189,187,1921314,990676,Nature rune,0,0,0,1,188,189,1921314,191,1943967,192,2055379,192,1298375,190,1866818,190,2574670,190,1731932,191,1532073,191,2305945,190,1383349,192,1314270,192,1533541,195,1062533,1
1647540000,191,188,1943967,1498462,Nature rune,0,0,0,1,189,191,1943967,192,2055379,192,1298375,190,1866818,190,2574670,190,1731932,191,1532073,191,2305945,191,2252351,190,1781233,195,1243572,190,1918709,193,301088,1
1647561600,192,189,2055379,961610,Nature rune,0,0,0,1,191,192,2055379,192,1298375,190,1866818,190,2574670,190,1731932,191,1532073,191,2305945,191,2252351,190,1730971,193,944341,198,1872836,194,2354322,193,1922523,1
1647583200,192,189,1298375,514923,Nature rune,0,0,0,1,192,192,1298375,190,1866818,190,2574670,190,1731932,191,1532073,191,2305945,191,2252351,190,1730971,190,1383349,192,2406039,193,1369637,195,1526015,196,1085731,1
1647604800,190,189,1866818,825791,Nature rune,0,0,0,1,192,190,1866818,190,2574670,190,1731932,191,1532073,191,2305945,191,2252351,190,1730971,190,1383349,190,1781233,192,1314270,192,1533541,195,1062533,198,1084125,1
1647626400,190,189,2574670,1066343,Nature rune,0,0,0,1,190,190,2574670,190,1731932,191,1532073,191,2305945,191,2252351,190,1730971,190,1383349,190,1781233,193,944341,195,1243572,190,1918709,193,301088,198,1698305,1
1647648000,190,188,1731932,780062,Nature rune,0,0,0,1,190,190,1731932,191,1532073,191,2305945,191,2252351,190,1730971,190,1383349,190,1781233,193,944341,192,2406039,198,1872836,194,2354322,193,1922523,199,1907503,1
1647669600,191,190,1532073,572602,Nature rune,0,0,0,1,190,191,1532073,191,2305945,191,2252351,190,1730971,190,1383349,190,1781233,193,944341,192,2406039,192,1314270,193,1369637,195,1526015,196,1085731,195,1759007,1
1647691200,191,188,2305945,964360,Nature rune,0,0,0,1,191,191,2305945,191,2252351,190,1730971,190,1383349,190,1781233,193,944341,192,2406039,192,1314270,195,1243572,192,1533541,195,1062533,198,1084125,196,1086586,1
1647712800,191,188,2252351,1256254,Nature rune,0,0,0,1,191,191,2252351,190,1730971,190,1383349,190,1781233,193,944341,192,2406039,192,1314270,195,1243572,198,1872836,190,1918709,193,301088,198,1698305,196,1575276,1
1647734400,190,188,1730971,975334,Nature rune,0,0,0,1,191,190,1730971,190,1383349,190,1781233,193,944341,192,2406039,192,1314270,195,1243572,198,1872836,193,1369637,194,2354322,193,1922523,199,1907503,194,1939039,1
1647756000,190,189,1383349,638771,Nature rune,0,0,0,1,190,190,1383349,190,1781233,193,944341,192,2406039,192,1314270,195,1243572,198,1872836,193,1369637,192,1533541,195,1526015,196,1085731,195,1759007,195,1876950,1
1647777600,190,188,1781233,1171956,Nature rune,0,0,0,1,190,190,1781233,193,944341,192,2406039,192,1314270,195,1243572,198,1872836,193,1369637,192,1533541,190,1918709,195,1062533,198,1084125,196,1086586,196,1306188,1
1647799200,193,190,944341,678173,Nature rune,0,0,0,1,190,193,944341,192,2406039,192,1314270,195,1243572,198,1872836,193,1369637,192,1533541,190,1918709,194,2354322,193,301088,198,1698305,196,1575276,194,1794089,1
1647820800,192,190,2406039,865859,Nature rune,0,0,0,1,193,192,2406039,192,1314270,195,1243572,198,1872836,193,1369637,192,1533541,190,1918709,194,2354322,195,1526015,193,1922523,199,1907503,194,1939039,195,1399202,1
1647842400,192,190,1314270,557736,Nature rune,0,0,0,1,192,192,1314270,195,1243572,198,1872836,193,1369637,192,1533541,190,1918709,194,2354322,195,1526015,195,1062533,196,1085731,195,1759007,195,1876950,195,1876206,1
1647864000,195,192,1243572,954842,Nature rune,0,0,0,1,192,195,1243572,198,1872836,193,1369637,192,1533541,190,1918709,194,2354322,195,1526015,195,1062533,193,301088,198,1084125,196,1086586,196,1306188,196,765058,1
1647885600,198,194,1872836,1340629,Nature rune,0,0,0,1,195,198,1872836,193,1369637,192,1533541,190,1918709,194,2354322,195,1526015,195,1062533,193,301088,193,1922523,198,1698305,196,1575276,194,1794089,195,2420732,1
1647907200,193,192,1369637,868884,Nature rune,0,0,0,1,198,193,1369637,192,1533541,190,1918709,194,2354322,195,1526015,195,1062533,193,301088,193,1922523,196,1085731,199,1907503,194,1939039,195,1399202,193,2298050,1
1647928800,192,191,1533541,479037,Nature rune,0,0,0,1,193,192,1533541,190,1918709,194,2354322,195,1526015,195,1062533,193,301088,193,1922523,196,1085731,198,1084125,195,1759007,195,1876950,195,1876206,195,1830529,1
1647950400,190,189,1918709,813372,Nature rune,0,0,0,1,192,190,1918709,194,2354322,195,1526015,195,1062533,193,301088,193,1922523,196,1085731,198,1084125,198,1698305,196,1086586,196,1306188,196,765058,196,1030341,1
1647972000,194,191,2354322,1821007,Nature rune,0,0,0,1,190,194,2354322,195,1526015,195,1062533,193,301088,193,1922523,196,1085731,198,1084125,198,1698305,199,1907503,196,1575276,194,1794089,195,2420732,193,1793863,1
1647993600,195,192,1526015,1009701,Nature rune,0,0,0,1,194,195,1526015,195,1062533,193,301088,193,1922523,196,1085731,198,1084125,198,1698305,199,1907503,195,1759007,194,1939039,195,1399202,193,2298050,192,2531123,1
1648015200,195,193,1062533,716932,Nature rune,0,0,0,1,195,195,1062533,193,301088,193,1922523,196,1085731,198,1084125,198,1698305,199,1907503,195,1759007,196,1086586,195,1876950,195,1876206,195,1830529,194,1054448,1
1648036800,193,192,301088,270680,Nature rune,0,0,0,1,195,193,301088,193,1922523,196,1085731,198,1084125,198,1698305,199,1907503,195,1759007,196,1086586,196,1575276,196,1306188,196,765058,196,1030341,194,1172842,1
1648058400,193,190,1922523,1106791,Nature rune,0,0,0,1,193,193,1922523,196,1085731,198,1084125,198,1698305,199,1907503,195,1759007,196,1086586,196,1575276,194,1939039,194,1794089,195,2420732,193,1793863,192,2229332,1
1648080000,196,194,1085731,858629,Nature rune,0,0,0,1,193,196,1085731,198,1084125,198,1698305,199,1907503,195,1759007,196,1086586,196,1575276,194,1939039,195,1876950,195,1399202,193,2298050,192,2531123,189,2836465,1
1648101600,198,194,1084125,622188,Nature rune,0,0,0,1,196,198,1084125,198,1698305,199,1907503,195,1759007,196,1086586,196,1575276,194,1939039,195,1876950,196,1306188,195,1876206,195,1830529,194,1054448,190,3022138,1
1648123200,198,196,1698305,981719,Nature rune,0,0,0,1,198,198,1698305,199,1907503,195,1759007,196,1086586,196,1575276,194,1939039,195,1876950,196,1306188,194,1794089,196,765058,196,1030341,194,1172842,191,1546014,1
1648144800,199,195,1907503,1207411,Nature rune,0,0,0,1,198,199,1907503,195,1759007,196,1086586,196,1575276,194,1939039,195,1876950,196,1306188,194,1794089,195,1399202,195,2420732,193,1793863,192,2229332,192,1081382,1
1648166400,195,193,1759007,1174074,Nature rune,0,0,0,1,199,195,1759007,196,1086586,196,1575276,194,1939039,195,1876950,196,1306188,194,1794089,195,1399202,195,1876206,193,2298050,192,2531123,189,2836465,192,2001726,1
1648188000,196,195,1086586,783283,Nature rune,0,0,0,1,195,196,1086586,196,1575276,194,1939039,195,1876950,196,1306188,194,1794089,195,1399202,195,1876206,196,765058,195,1830529,194,1054448,190,3022138,193,1574858,1
1648209600,196,194,1575276,1400064,Nature rune,0,0,0,1,196,196,1575276,194,1939039,195,1876950,196,1306188,194,1794089,195,1399202,195,1876206,196,765058,195,2420732,196,1030341,194,1172842,191,1546014,193,960773,1
1648231200,194,192,1939039,1437848,Nature rune,0,0,0,1,196,194,1939039,195,1876950,196,1306188,194,1794089,195,1399202,195,1876206,196,765058,195,2420732,193,2298050,193,1793863,192,2229332,192,1081382,193,2120004,1
1648252800,195,192,1876950,1351960,Nature rune,0,0,0,1,194,195,1876950,196,1306188,194,1794089,195,1399202,195,1876206,196,765058,195,2420732,193,2298050,195,1830529,192,2531123,189,2836465,192,2001726,194,66834,1
1648274400,196,193,1306188,760243,Nature rune,0,0,0,1,195,196,1306188,194,1794089,195,1399202,195,1876206,196,765058,195,2420732,193,2298050,195,1830529,196,1030341,194,1054448,190,3022138,193,1574858,196,1969509,1
1648296000,194,192,1794089,1169494,Nature rune,0,0,0,1,196,194,1794089,195,1399202,195,1876206,196,765058,195,2420732,193,2298050,195,1830529,196,1030341,193,1793863,194,1172842,191,1546014,193,960773,193,969792,1
1648317600,195,193,1399202,1184223,Nature rune,0,0,0,1,194,195,1399202,195,1876206,196,765058,195,2420732,193,2298050,195,1830529,196,1030341,193,1793863,192,2531123,192,2229332,192,1081382,193,2120004,192,1523217,1
1648339200,195,193,1876206,1535366,Nature rune,0,0,0,1,195,195,1876206,196,765058,195,2420732,193,2298050,195,1830529,196,1030341,193,1793863,192,2531123,194,1054448,189,2836465,192,2001726,194,66834,191,2757715,1
1648360800,196,195,765058,1048468,Nature rune,0,0,0,1,195,196,765058,195,2420732,193,2298050,195,1830529,196,1030341,193,1793863,192,2531123,194,1054448,194,1172842,190,3022138,193,1574858,196,1969509,192,1634035,1
1648382400,195,192,2420732,1593057,Nature rune,0,0,0,1,196,195,2420732,193,2298050,195,1830529,196,1030341,193,1793863,192,2531123,194,1054448,194,1172842,192,2229332,191,1546014,193,960773,193,969792,193,1376888,1
1648404000,193,190,2298050,1341628,Nature rune,0,0,0,1,195,193,2298050,195,1830529,196,1030341,193,1793863,192,2531123,194,1054448,194,1172842,192,2229332,189,2836465,192,1081382,193,2120004,192,1523217,193,577445,1
1648425600,195,194,1830529,1289030,Nature rune,0,0,0,1,193,195,1830529,196,1030341,193,1793863,192,2531123,194,1054448,194,1172842,192,2229332,189,2836465,190,3022138,192,2001726,194,66834,191,2757715,191,3369087,1
1648447200,196,194,1030341,1004765,Nature rune,0,0,0,1,195,196,1030341,193,1793863,192,2531123,194,1054448,194,1172842,192,2229332,189,2836465,190,3022138,191,1546014,193,1574858,196,1969509,192,1634035,190,2520032,1
1648468800,193,191,1793863,1338386,Nature rune,0,0,0,1,196,193,1793863,192,2531123,194,1054448,194,1172842,192,2229332,189,2836465,190,3022138,191,1546014,192,1081382,193,960773,193,969792,193,1376888,190,1611049,1
1648490400,192,189,2531123,1363657,Nature rune,0,0,0,1,193,192,2531123,194,1054448,194,1172842,192,2229332,189,2836465,190,3022138,191,1546014,192,1081382,192,2001726,193,2120004,192,1523217,193,577445,190,2518847,1
1648512000,194,191,1054448,1224677,Nature rune,0,0,0,1,192,194,1054448,194,1172842,192,2229332,189,2836465,190,3022138,191,1546014,192,1081382,192,2001726,193,1574858,194,66834,191,2757715,191,3369087,185,3694895,1
1648533600,194,193,1172842,998940,Nature rune,0,0,0,1,194,194,1172842,192,2229332,189,2836465,190,3022138,191,1546014,192,1081382,192,2001726,193,1574858,193,960773,196,1969509,192,1634035,190,2520032,188,2419460,1
1648555200,192,190,2229332,1176555,Nature rune,0,0,0,1,194,192,2229332,189,2836465,190,3022138,191,1546014,192,1081382,192,2001726,193,1574858,193,960773,193,2120004,193,969792,193,1376888,190,1611049,186,1343916,1
1648576800,189,187,2836465,810151,Nature rune,0,0,0,1,192,189,2836465,190,3022138,191,1546014,192,1081382,192,2001726,193,1574858,193,960773,193,2120004,194,66834,192,1523217,193,577445,190,2518847,187,1549222,1
1648598400,190,187,3022138,1246866,Nature rune,0,0,0,1,189,190,3022138,191,1546014,192,1081382,192,2001726,193,1574858,193,960773,193,2120004,194,66834,196,1969509,191,2757715,191,3369087,185,3694895,186,2644587,1
1648620000,191,189,1546014,646734,Nature rune,0,0,0,1,190,191,1546014,192,1081382,192,2001726,193,1574858,193,960773,193,2120004,194,66834,196,1969509,193,969792,192,1634035,190,2520032,188,2419460,186,1634279,1
1648641600,192,190,1081382,1259772,Nature rune,0,0,0,1,191,192,1081382,192,2001726,193,1574858,193,960773,193,2120004,194,66834,196,1969509,193,969792,192,1523217,193,1376888,190,1611049,186,1343916,186,1533028,1
1648663200,192,190,2001726,1383411,Nature rune,0,0,0,1,192,192,2001726,193,1574858,193,960773,193,2120004,194,66834,196,1969509,193,969792,192,1523217,191,2757715,193,577445,190,2518847,187,1549222,186,1345773,1
1648684800,193,191,1574858,1634630,Nature rune,0,0,0,1,192,193,1574858,193,960773,193,2120004,194,66834,196,1969509,193,969792,192,1523217,191,2757715,192,1634035,191,3369087,185,3694895,186,2644587,187,2446845,1
1648706400,193,191,960773,1491832,Nature rune,0,0,0,1,193,193,960773,193,2120004,194,66834,196,1969509,193,969792,192,1523217,191,2757715,192,1634035,193,1376888,190,2520032,188,2419460,186,1634279,189,1369568,1
1648728000,193,189,2120004,2380571,Nature rune,0,0,0,1,193,193,2120004,194,66834,196,1969509,193,969792,192,1523217,191,2757715,192,1634035,193,1376888,193,577445,190,1611049,186,1343916,186,1533028,190,1234699,1
1648749600,194,192,66834,25184,Nature rune,0,0,0,1,193,194,66834,196,1969509,193,969792,192,1523217,191,2757715,192,1634035,193,1376888,193,577445,191,3369087,190,2518847,187,1549222,186,1345773,189,1708203,1
1648771200,196,193,1969509,1290568,Nature rune,0,0,0,1,194,196,1969509,193,969792,192,1523217,191,2757715,192,1634035,193,1376888,193,577445,191,3369087,190,2520032,185,3694895,186,2644587,187,2446845,189,1932986,1
1648792800,193,191,969792,1272774,Nature rune,0,0,0,1,196,193,969792,192,1523217,191,2757715,192,1634035,193,1376888,193,577445,191,3369087,190,2520032,190,1611049,188,2419460,186,1634279,189,1369568,190,1547884,1
1648814400,192,190,1523217,867557,Nature rune,0,0,0,1,193,192,1523217,191,2757715,192,1634035,193,1376888,193,577445,191,3369087,190,2520032,190,1611049,190,2518847,186,1343916,186,1533028,190,1234699,189,1426398,1
1648836000,191,189,2757715,1485735,Nature rune,0,0,0,1,192,191,2757715,192,1634035,193,1376888,193,577445,191,3369087,190,2520032,190,1611049,190,2518847,185,3694895,187,1549222,186,1345773,189,1708203,189,1723300,1
1648857600,192,190,1634035,1657057,Nature rune,0,0,0,1,191,192,1634035,193,1376888,193,577445,191,3369087,190,2520032,190,1611049,190,2518847,185,3694895,188,2419460,186,2644587,187,2446845,189,1932986,188,2073685,1
1648879200,193,191,1376888,1109793,Nature rune,0,0,0,1,192,193,1376888,193,577445,191,3369087,190,2520032,190,1611049,190,2518847,185,3694895,188,2419460,186,1343916,186,1634279,189,1369568,190,1547884,189,2145493,1
1648900800,193,190,577445,511108,Nature rune,0,0,0,1,193,193,577445,191,3369087,190,2520032,190,1611049,190,2518847,185,3694895,188,2419460,186,1343916,187,1549222,186,1533028,190,1234699,189,1426398,189,1143679,1
1648922400,191,187,3369087,1596256,Nature rune,0,0,0,1,193,191,3369087,190,2520032,190,1611049,190,2518847,185,3694895,188,2419460,186,1343916,187,1549222,186,2644587,186,1345773,189,1708203,189,1723300,192,2214683,1
1648944000,190,187,2520032,1315208,Nature rune,0,0,0,1,191,190,2520032,190,1611049,190,2518847,185,3694895,188,2419460,186,1343916,187,1549222,186,2644587,186,1634279,187,2446845,189,1932986,188,2073685,191,2018809,1
1648965600,190,188,1611049,952523,Nature rune,0,0,0,1,190,190,1611049,190,2518847,185,3694895,188,2419460,186,1343916,187,1549222,186,2644587,186,1634279,186,1533028,189,1369568,190,1547884,189,2145493,191,1845599,1
1648987200,190,186,2518847,1835814,Nature rune,0,0,0,1,190,190,2518847,185,3694895,188,2419460,186,1343916,187,1549222,186,2644587,186,1634279,186,1533028,186,1345773,190,1234699,189,1426398,189,1143679,191,1203356,1
1649008800,185,183,3694895,1197980,Nature rune,0,0,0,1,190,185,3694895,188,2419460,186,1343916,187,1549222,186,2644587,186,1634279,186,1533028,186,1345773,187,2446845,189,1708203,189,1723300,192,2214683,189,2541768,1
1649030400,188,184,2419460,1178879,Nature rune,0,0,0,1,185,188,2419460,186,1343916,187,1549222,186,2644587,186,1634279,186,1533028,186,1345773,187,2446845,189,1369568,189,1932986,188,2073685,191,2018809,189,2319052,1
1649052000,186,184,1343916,818495,Nature rune,0,0,0,1,188,186,1343916,187,1549222,186,2644587,186,1634279,186,1533028,186,1345773,187,2446845,189,1369568,190,1234699,190,1547884,189,2145493,191,1845599,191,1526899,1
1649073600,187,185,1549222,1315901,Nature rune,0,0,0,1,186,187,1549222,186,2644587,186,1634279,186,1533028,186,1345773,187,2446845,189,1369568,190,1234699,189,1708203,189,1426398,189,1143679,191,1203356,190,1334090,1
1649095200,186,183,2644587,1677335,Nature rune,0,0,0,1,187,186,2644587,186,1634279,186,1533028,186,1345773,187,2446845,189,1369568,190,1234699,189,1708203,189,1932986,189,1723300,192,2214683,189,2541768,192,2503266,1
1649116800,186,182,1634279,1184707,Nature rune,0,0,0,1,186,186,1634279,186,1533028,186,1345773,187,2446845,189,1369568,190,1234699,189,1708203,189,1932986,190,1547884,188,2073685,191,2018809,189,2319052,189,3063716,1
1649138400,186,184,1533028,1046906,Nature rune,0,0,0,1,186,186,1533028,186,1345773,187,2446845,189,1369568,190,1234699,189,1708203,189,1932986,190,1547884,189,1426398,189,2145493,191,1845599,191,1526899,189,1881750,1
1649160000,186,184,1345773,1200583,Nature rune,0,0,0,1,186,186,1345773,187,2446845,189,1369568,190,1234699,189,1708203,189,1932986,190,1547884,189,1426398,189,1723300,189,1143679,191,1203356,190,1334090,189,1036733,1
1649181600,187,184,2446845,1735463,Nature rune,0,0,0,1,186,187,2446845,189,1369568,190,1234699,189,1708203,189,1932986,190,1547884,189,1426398,189,1723300,188,2073685,192,2214683,189,2541768,192,2503266,189,1976934,1
1649203200,189,186,1369568,1385920,Nature rune,0,0,0,1,187,189,1369568,190,1234699,189,1708203,189,1932986,190,1547884,189,1426398,189,1723300,188,2073685,189,2145493,191,2018809,189,2319052,189,3063716,187,2555988,1
1649224800,190,184,1234699,1879776,Nature rune,0,0,0,1,189,190,1234699,189,1708203,189,1932986,190,1547884,189,1426398,189,1723300,188,2073685,189,2145493,189,1143679,191,1845599,191,1526899,189,1881750,189,1998496,1
1649246400,189,187,1708203,1308282,Nature rune,0,0,0,1,190,189,1708203,189,1932986,190,1547884,189,1426398,189,1723300,188,2073685,189,2145493,189,1143679,192,2214683,191,1203356,190,1334090,189,1036733,188,1583456,1
1649268000,189,186,1932986,2168696,Nature rune,0,0,0,1,189,189,1932986,190,1547884,189,1426398,189,1723300,188,2073685,189,2145493,189,1143679,192,2214683,191,2018809,189,2541768,192,2503266,189,1976934,188,2679470,1
1649289600,190,187,1547884,1835169,Nature rune,0,0,0,1,189,190,1547884,189,1426398,189,1723300,188,2073685,189,2145493,189,1143679,192,2214683,191,2018809,191,1845599,189,2319052,189,3063716,187,2555988,183,2802857,1
1649311200,189,188,1426398,736190,Nature rune,0,0,0,1,190,189,1426398,189,1723300,188,2073685,189,2145493,189,1143679,192,2214683,191,2018809,191,1845599,191,1203356,191,1526899,189,1881750,189,1998496,185,2415465,1
1649332800,189,188,1723300,1123500,Nature rune,0,0,0,1,189,189,1723300,188,2073685,189,2145493,189,1143679,192,2214683,191,2018809,191,1845599,191,1203356,189,2541768,190,1334090,189,1036733,188,1583456,186,1466117,1
1649354400,188,185,2073685,1993826,Nature rune,0,0,0,1,189,188,2073685,189,2145493,189,1143679,192,2214683,191,2018809,191,1845599,191,1203356,189,2541768,189,2319052,192,2503266,189,1976934,188,2679470,186,1719490,1
1649376000,189,187,2145493,1255085,Nature rune,0,0,0,1,188,189,2145493,189,1143679,192,2214683,191,2018809,191,1845599,191,1203356,189,2541768,189,2319052,191,1526899,189,3063716,187,2555988,183,2802857,180,2650411,1
1649397600,189,187,1143679,736148,Nature rune,0,0,0,1,189,189,1143679,192,2214683,191,2018809,191,1845599,191,1203356,189,2541768,189,2319052,191,1526899,190,1334090,189,1881750,189,1998496,185,2415465,183,1919263,1
1649419200,192,189,2214683,1434984,Nature rune,0,0,0,1,189,192,2214683,191,2018809,191,1845599,191,1203356,189,2541768,189,2319052,191,1526899,190,1334090,192,2503266,189,1036733,188,1583456,186,1466117,183,1902438,1
1649440800,191,188,2018809,1837460,Nature rune,0,0,0,1,192,191,2018809,191,1845599,191,1203356,189,2541768,189,2319052,191,1526899,190,1334090,192,2503266,189,3063716,189,1976934,188,2679470,186,1719490,180,2673544,1
1649462400,191,189,1845599,1332713,Nature rune,0,0,0,1,191,191,1845599,191,1203356,189,2541768,189,2319052,191,1526899,190,1334090,192,2503266,189,3063716,189,1881750,187,2555988,183,2802857,180,2650411,176,3360229,1
1649484000,191,189,1203356,1027974,Nature rune,0,0,0,1,191,191,1203356,189,2541768,189,2319052,191,1526899,190,1334090,192,2503266,189,3063716,189,1881750,189,1036733,189,1998496,185,2415465,183,1919263,177,2625465,1
1649505600,189,187,2541768,1298759,Nature rune,0,0,0,1,191,189,2541768,189,2319052,191,1526899,190,1334090,192,2503266,189,3063716,189,1881750,189,1036733,189,1976934,188,1583456,186,1466117,183,1902438,179,1554452,1
1649527200,189,187,2319052,1465027,Nature rune,0,0,0,1,189,189,2319052,191,1526899,190,1334090,192,2503266,189,3063716,189,1881750,189,1036733,189,1976934,187,2555988,188,2679470,186,1719490,180,2673544,181,1825929,1
1649548800,191,189,1526899,1251491,Nature rune,0,0,0,1,189,191,1526899,190,1334090,192,2503266,189,3063716,189,1881750,189,1036733,189,1976934,187,2555988,189,1998496,183,2802857,180,2650411,176,3360229,177,2561542,1
1649570400,190,188,1334090,854066,Nature rune,0,0,0,1,191,190,1334090,192,2503266,189,3063716,189,1881750,189,1036733,189,1976934,187,2555988,189,1998496,188,1583456,185,2415465,183,1919263,177,2625465,178,2081555,1
1649592000,192,189,2503266,1486053,Nature rune,0,0,0,1,190,192,2503266,189,3063716,189,1881750,189,1036733,189,1976934,187,2555988,189,1998496,188,1583456,188,2679470,186,1466117,183,1902438,179,1554452,179,1383740,1
1649613600,189,187,3063716,1597766,Nature rune,0,0,0,1,192,189,3063716,189,1881750,189,1036733,189,1976934,187,2555988,189,1998496,188,1583456,188,2679470,183,2802857,186,1719490,180,2673544,181,1825929,177,2793489,1
1649635200,189,186,1881750,1464668,Nature rune,0,0,0,1,189,189,1881750,189,1036733,189,1976934,187,2555988,189,1998496,188,1583456,188,2679470,183,2802857,185,2415465,180,2650411,176,3360229,177,2561542,174,3273450,1
1649656800,189,186,1036733,843762,Nature rune,0,0,0,1,189,189,1036733,189,1976934,187,2555988,189,1998496,188,1583456,188,2679470,183,2802857,185,2415465,186,1466117,183,1919263,177,2625465,178,2081555,175,2507424,1
1649678400,189,187,1976934,1325912,Nature rune,0,0,0,1,189,189,1976934,187,2555988,189,1998496,188,1583456,188,2679470,183,2802857,185,2415465,186,1466117,186,1719490,183,1902438,179,1554452,179,1383740,175,1725669,1
1649700000,187,183,2555988,1878654,Nature rune,0,0,0,1,189,187,2555988,189,1998496,188,1583456,188,2679470,183,2802857,185,2415465,186,1466117,186,1719490,180,2650411,180,2673544,181,1825929,177,2793489,174,2863643,1
1649721600,189,187,1998496,1217436,Nature rune,0,0,0,1,187,189,1998496,188,1583456,188,2679470,183,2802857,185,2415465,186,1466117,186,1719490,180,2650411,183,1919263,176,3360229,177,2561542,174,3273450,173,2922228,1
1649743200,188,185,1583456,1268282,Nature rune,0,0,0,1,189,188,1583456,188,2679470,183,2802857,185,2415465,186,1466117,186,1719490,180,2650411,183,1919263,183,1902438,177,2625465,178,2081555,175,2507424,173,2143025,1
1649764800,188,185,2679470,1167406,Nature rune,0,0,0,1,188,188,2679470,183,2802857,185,2415465,186,1466117,186,1719490,180,2650411,183,1919263,183,1902438,180,2673544,179,1554452,179,1383740,175,1725669,175,1504446,1
1649786400,183,181,2802857,1372245,Nature rune,0,0,0,1,188,183,2802857,185,2415465,186,1466117,186,1719490,180,2650411,183,1919263,183,1902438,180,2673544,176,3360229,181,1825929,177,2793489,174,2863643,173,2289579,1
1649808000,185,182,2415465,1194953,Nature rune,0,0,0,1,183,185,2415465,186,1466117,186,1719490,180,2650411,183,1919263,183,1902438,180,2673544,176,3360229,177,2625465,177,2561542,174,3273450,173,2922228,172,2991907,1
1649829600,186,183,1466117,861006,Nature rune,0,0,0,1,185,186,1466117,186,1719490,180,2650411,183,1919263,183,1902438,180,2673544,176,3360229,177,2625465,179,1554452,178,2081555,175,2507424,173,2143025,171,2349521,1
1649851200,186,183,1719490,1330714,Nature rune,0,0,0,1,186,186,1719490,180,2650411,183,1919263,183,1902438,180,2673544,176,3360229,177,2625465,179,1554452,181,1825929,179,1383740,175,1725669,175,1504446,172,1518743,1
1649872800,180,178,2650411,1228535,Nature rune,0,0,0,1,186,180,2650411,183,1919263,183,1902438,180,2673544,176,3360229,177,2625465,179,1554452,181,1825929,177,2561542,177,2793489,174,2863643,173,2289579,173,1876130,1
1649894400,183,180,1919263,1270359,Nature rune,0,0,0,1,180,183,1919263,183,1902438,180,2673544,176,3360229,177,2625465,179,1554452,181,1825929,177,2561542,178,2081555,174,3273450,173,2922228,172,2991907,172,2967758,1
1649916000,183,180,1902438,1357732,Nature rune,0,0,0,1,183,183,1902438,180,2673544,176,3360229,177,2625465,179,1554452,181,1825929,177,2561542,178,2081555,179,1383740,175,2507424,173,2143025,171,2349521,171,2522446,1
1649937600,180,178,2673544,1289744,Nature rune,0,0,0,1,183,180,2673544,176,3360229,177,2625465,179,1554452,181,1825929,177,2561542,178,2081555,179,1383740,177,2793489,175,1725669,175,1504446,172,1518743,171,1675751,1
1649959200,176,175,3360229,1302318,Nature rune,0,0,0,1,180,176,3360229,177,2625465,179,1554452,181,1825929,177,2561542,178,2081555,179,1383740,177,2793489,174,3273450,174,2863643,173,2289579,173,1876130,172,1782496,1
1649980800,177,174,2625465,1193133,Nature rune,0,0,0,1,176,177,2625465,179,1554452,181,1825929,177,2561542,178,2081555,179,1383740,177,2793489,174,3273450,175,2507424,173,2922228,172,2991907,172,2967758,172,3524160,1
1650002400,179,175,1554452,1172472,Nature rune,0,0,0,1,177,179,1554452,181,1825929,177,2561542,178,2081555,179,1383740,177,2793489,174,3273450,175,2507424,175,1725669,173,2143025,171,2349521,171,2522446,176,1715756,1
1650024000,181,177,1825929,1561297,Nature rune,0,0,0,1,179,181,1825929,177,2561542,178,2081555,179,1383740,177,2793489,174,3273450,175,2507424,175,1725669,174,2863643,175,1504446,172,1518743,171,1675751,179,1827897,1
1650045600,177,177,2561542,1781058,Nature rune,0,0,0,1,181,177,2561542,178,2081555,179,1383740,177,2793489,174,3273450,175,2507424,175,1725669,174,2863643,173,2922228,173,2289579,173,1876130,172,1782496,177,2085625,1
1650067200,178,176,2081555,1395654,Nature rune,0,0,0,1,177,178,2081555,179,1383740,177,2793489,174,3273450,175,2507424,175,1725669,174,2863643,173,2922228,173,2143025,172,2991907,172,2967758,172,3524160,178,1873710,1
1650088800,179,175,1383740,1409752,Nature rune,0,0,0,1,178,179,1383740,177,2793489,174,3273450,175,2507424,175,1725669,174,2863643,173,2922228,173,2143025,175,1504446,171,2349521,171,2522446,176,1715756,178,1716544,1
1650110400,177,175,2793489,1187102,Nature rune,0,0,0,1,179,177,2793489,174,3273450,175,2507424,175,1725669,174,2863643,173,2922228,173,2143025,175,1504446,173,2289579,172,1518743,171,1675751,179,1827897,177,1345612,1
1650132000,174,172,3273450,1084356,Nature rune,0,0,0,1,177,174,3273450,175,2507424,175,1725669,174,2863643,173,2922228,173,2143025,175,1504446,173,2289579,172,2991907,173,1876130,172,1782496,177,2085625,177,1884002,1
1650153600,175,172,2507424,1285349,Nature rune,0,0,0,1,174,175,2507424,175,1725669,174,2863643,173,2922228,173,2143025,175,1504446,173,2289579,172,2991907,171,2349521,172,2967758,172,3524160,178,1873710,177,2164761,1
1650175200,175,174,1725669,897798,Nature rune,0,0,0,1,175,175,1725669,174,2863643,173,2922228,173,2143025,175,1504446,173,2289579,172,2991907,171,2349521,172,1518743,171,2522446,176,1715756,178,1716544,176,1889116,1
1650196800,174,172,2863643,1326966,Nature rune,0,0,0,1,175,174,2863643,173,2922228,173,2143025,175,1504446,173,2289579,172,2991907,171,2349521,172,1518743,173,1876130,171,1675751,179,1827897,177,1345612,177,1502709,1
1650218400,173,170,2922228,1775998,Nature rune,0,0,0,1,174,173,2922228,173,2143025,175,1504446,173,2289579,172,2991907,171,2349521,172,1518743,173,1876130,172,2967758,172,1782496,177,2085625,177,1884002,177,2671920,1
1650240000,173,170,2143025,975664,Nature rune,0,0,0,1,173,173,2143025,175,1504446,173,2289579,172,2991907,171,2349521,172,1518743,173,1876130,172,2967758,171,2522446,172,3524160,178,1873710,177,2164761,180,2513548,1
1650261600,175,172,1504446,979939,Nature rune,0,0,0,1,173,175,1504446,173,2289579,172,2991907,171,2349521,172,1518743,173,1876130,172,2967758,171,2522446,171,1675751,176,1715756,178,1716544,176,1889116,183,1582085,1
1650283200,173,171,2289579,1395966,Nature rune,0,0,0,1,175,173,2289579,172,2991907,171,2349521,172,1518743,173,1876130,172,2967758,171,2522446,171,1675751,172,1782496,179,1827897,177,1345612,177,1502709,185,1625329,1
1650304800,172,170,2991907,1933504,Nature rune,0,0,0,1,173,172,2991907,171,2349521,172,1518743,173,1876130,172,2967758,171,2522446,171,1675751,172,1782496,172,3524160,177,2085625,177,1884002,177,2671920,184,2028910,1
1650326400,171,169,2349521,1035600,Nature rune,0,0,0,1,172,171,2349521,172,1518743,173,1876130,172,2967758,171,2522446,171,1675751,172,1782496,172,3524160,176,1715756,178,1873710,177,2164761,180,2513548,184,2784932,1
1650348000,172,170,1518743,1061418,Nature rune,0,0,0,1,171,172,1518743,173,1876130,172,2967758,171,2522446,171,1675751,172,1782496,172,3524160,176,1715756,179,1827897,178,1716544,176,1889116,183,1582085,187,1548786,1
1650369600,173,171,1876130,1246269,Nature rune,0,0,0,1,172,173,1876130,172,2967758,171,2522446,171,1675751,172,1782496,172,3524160,176,1715756,179,1827897,177,2085625,177,1345612,177,1502709,185,1625329,185,1216754,1
1650391200,172,170,2967758,1843850,Nature rune,0,0,0,1,173,172,2967758,171,2522446,171,1675751,172,1782496,172,3524160,176,1715756,179,1827897,177,2085625,178,1873710,177,1884002,177,2671920,184,2028910,185,2084973,1
1650412800,171,168,2522446,1192585,Nature rune,0,0,0,1,172,171,2522446,171,1675751,172,1782496,172,3524160,176,1715756,179,1827897,177,2085625,178,1873710,178,1716544,177,2164761,180,2513548,184,2784932,190,1556026,1
1650434400,171,169,1675751,763820,Nature rune,0,0,0,1,171,171,1675751,172,1782496,172,3524160,176,1715756,179,1827897,177,2085625,178,1873710,178,1716544,177,1345612,176,1889116,183,1582085,187,1548786,191,1818560,1
1650456000,172,169,1782496,1970927,Nature rune,0,0,0,1,171,172,1782496,172,3524160,176,1715756,179,1827897,177,2085625,178,1873710,178,1716544,177,1345612,177,1884002,177,1502709,185,1625329,185,1216754,193,1044392,1
1650477600,172,170,3524160,1565265,Nature rune,0,0,0,1,172,172,3524160,176,1715756,179,1827897,177,2085625,178,1873710,178,1716544,177,1345612,177,1884002,177,2164761,177,2671920,184,2028910,185,2084973,191,2223025,1
1650499200,176,173,1715756,1529000,Nature rune,0,0,0,1,172,176,1715756,179,1827897,177,2085625,178,1873710,178,1716544,177,1345612,177,1884002,177,2164761,176,1889116,180,2513548,184,2784932,190,1556026,189,2075658,1
1650520800,179,173,1827897,1818053,Nature rune,0,0,0,1,176,179,1827897,177,2085625,178,1873710,178,1716544,177,1345612,177,1884002,177,2164761,176,1889116,177,1502709,183,1582085,187,1548786,191,1818560,191,2009785,1
1650542400,177,175,2085625,1374720,Nature rune,0,0,0,1,179,177,2085625,178,1873710,178,1716544,177,1345612,177,1884002,177,2164761,176,1889116,177,1502709,177,2671920,185,1625329,185,1216754,193,1044392,192,1665579,1
1650564000,178,175,1873710,1728718,Nature rune,0,0,0,1,177,178,1873710,178,1716544,177,1345612,177,1884002,177,2164761,176,1889116,177,1502709,177,2671920,180,2513548,184,2028910,185,2084973,191,2223025,192,1786647,1
1650585600,178,175,1716544,1485863,Nature rune,0,0,0,1,178,178,1716544,177,1345612,177,1884002,177,2164761,176,1889116,177,1502709,177,2671920,180,2513548,183,1582085,184,2784932,190,1556026,189,2075658,192,2825791,1
1650607200,177,175,1345612,935432,Nature rune,0,0,0,1,178,177,1345612,177,1884002,177,2164761,176,1889116,177,1502709,177,2671920,180,2513548,183,1582085,185,1625329,187,1548786,191,1818560,191,2009785,191,3171877,1
1650628800,177,174,1884002,1055887,Nature rune,0,0,0,1,177,177,1884002,177,2164761,176,1889116,177,1502709,177,2671920,180,2513548,183,1582085,185,1625329,184,2028910,185,1216754,193,1044392,192,1665579,190,1406614,1
1650650400,177,175,2164761,1308878,Nature rune,0,0,0,1,177,177,2164761,176,1889116,177,1502709,177,2671920,180,2513548,183,1582085,185,1625329,184,2028910,184,2784932,185,2084973,191,2223025,192,1786647,191,1449345,1
1650672000,176,175,1889116,1210125,Nature rune,0,0,0,1,177,176,1889116,177,1502709,177,2671920,180,2513548,183,1582085,185,1625329,184,2028910,184,2784932,187,1548786,190,1556026,189,2075658,192,2825791,191,2060048,1
1650693600,177,176,1502709,687281,Nature rune,0,0,0,1,176,177,1502709,177,2671920,180,2513548,183,1582085,185,1625329,184,2028910,184,2784932,187,1548786,185,1216754,191,1818560,191,2009785,191,3171877,191,1749150,1
1650715200,177,176,2671920,1277085,Nature rune,0,0,0,1,177,177,2671920,180,2513548,183,1582085,185,1625329,184,2028910,184,2784932,187,1548786,185,1216754,185,2084973,193,1044392,192,1665579,190,1406614,192,1586156,1
1650736800,180,177,2513548,2292440,Nature rune,0,0,0,1,177,180,2513548,183,1582085,185,1625329,184,2028910,184,2784932,187,1548786,185,1216754,185,2084973,190,1556026,191,2223025,192,1786647,191,1449345,192,2203851,1
1650758400,183,179,1582085,1980194,Nature rune,0,0,0,1,180,183,1582085,185,1625329,184,2028910,184,2784932,187,1548786,185,1216754,185,2084973,190,1556026,191,1818560,189,2075658,192,2825791,191,2060048,191,2019361,1
1650780000,185,182,1625329,1119500,Nature rune,0,0,0,1,183,185,1625329,184,2028910,184,2784932,187,1548786,185,1216754,185,2084973,190,1556026,191,1818560,193,1044392,191,2009785,191,3171877,191,1749150,192,2097175,1
1650801600,184,181,2028910,1825395,Nature rune,0,0,0,1,185,184,2028910,184,2784932,187,1548786,185,1216754,185,2084973,190,1556026,191,1818560,193,1044392,191,2223025,192,1665579,190,1406614,192,1586156,190,1287421,1
1650823200,184,180,2784932,2063998,Nature rune,0,0,0,1,184,184,2784932,187,1548786,185,1216754,185,2084973,190,1556026,191,1818560,193,1044392,191,2223025,189,2075658,192,1786647,191,1449345,192,2203851,190,1794661,1
1650844800,187,184,1548786,1575895,Nature rune,0,0,0,1,184,187,1548786,185,1216754,185,2084973,190,1556026,191,1818560,193,1044392,191,2223025,189,2075658,191,2009785,192,2825791,191,2060048,191,2019361,191,2294893,1
1650866400,185,183,1216754,1126936,Nature rune,0,0,0,1,187,185,1216754,185,2084973,190,1556026,191,1818560,193,1044392,191,2223025,189,2075658,191,2009785,192,1665579,191,3171877,191,1749150,192,2097175,193,1582976,1
1650888000,185,184,2084973,1349645,Nature rune,0,0,0,1,185,185,2084973,190,1556026,191,1818560,193,1044392,191,2223025,189,2075658,191,2009785,192,1665579,192,1786647,190,1406614,192,1586156,190,1287421,193,1097941,1
1650909600,190,186,1556026,1988043,Nature rune,0,0,0,1,185,190,1556026,191,1818560,193,1044392,191,2223025,189,2075658,191,2009785,192,1665579,192,1786647,192,2825791,191,1449345,192,2203851,190,1794661,194,2113082,1
1650931200,191,189,1818560,1871855,Nature rune,0,0,0,1,190,191,1818560,193,1044392,191,2223025,189,2075658,191,2009785,192,1665579,192,1786647,192,2825791,191,3171877,191,2060048,191,2019361,191,2294893,194,2435756,1
1650952800,193,191,1044392,1370930,Nature rune,0,0,0,1,191,193,1044392,191,2223025,189,2075658,191,2009785,192,1665579,192,1786647,192,2825791,191,3171877,190,1406614,191,1749150,192,2097175,193,1582976,194,1904947,1
1650974400,191,187,2223025,2304579,Nature rune,0,0,0,1,193,191,2223025,189,2075658,191,2009785,192,1665579,192,1786647,192,2825791,191,3171877,190,1406614,191,1449345,192,1586156,190,1287421,193,1097941,193,1515408,1
1650996000,189,187,2075658,1899088,Nature rune,0,0,0,1,191,189,2075658,191,2009785,192,1665579,192,1786647,192,2825791,191,3171877,190,1406614,191,1449345,191,2060048,192,2203851,190,1794661,194,2113082,191,1823248,1
1651017600,191,189,2009785,1285452,Nature rune,0,0,0,1,189,191,2009785,192,1665579,192,1786647,192,2825791,191,3171877,190,1406614,191,1449345,191,2060048,191,1749150,191,2019361,191,2294893,194,2435756,191,2723941,1
1651039200,192,189,1665579,935052,Nature rune,0,0,0,1,191,192,1665579,192,1786647,192,2825791,191,3171877,190,1406614,191,1449345,191,2060048,191,1749150,192,1586156,192,2097175,193,1582976,194,1904947,196,1847253,1
1651060800,192,189,1786647,1062002,Nature rune,0,0,0,1,192,192,1786647,192,2825791,191,3171877,190,1406614,191,1449345,191,2060048,191,1749150,192,1586156,192,2203851,190,1287421,193,1097941,193,1515408,198,932515,1
1651082400,192,190,2825791,1392051,Nature rune,0,0,0,1,192,192,2825791,191,3171877,190,1406614,191,1449345,191,2060048,191,1749150,192,1586156,192,2203851,191,2019361,190,1794661,194,2113082,191,1823248,197,992285,1
1651104000,191,190,3171877,912032,Nature rune,0,0,0,1,192,191,3171877,190,1406614,191,1449345,191,2060048,191,1749150,192,1586156,192,2203851,191,2019361,192,2097175,191,2294893,194,2435756,191,2723941,197,2314885,1
1651125600,190,188,1406614,757033,Nature rune,0,0,0,1,191,190,1406614,191,1449345,191,2060048,191,1749150,192,1586156,192,2203851,191,2019361,192,2097175,190,1287421,193,1582976,194,1904947,196,1847253,198,1731126,1
1651147200,191,189,1449345,947042,Nature rune,0,0,0,1,190,191,1449345,191,2060048,191,1749150,192,1586156,192,2203851,191,2019361,192,2097175,190,1287421,190,1794661,193,1097941,193,1515408,198,932515,199,1379768,1
1651168800,191,190,2060048,1405843,Nature rune,0,0,0,1,191,191,2060048,191,1749150,192,1586156,192,2203851,191,2019361,192,2097175,190,1287421,190,1794661,191,2294893,194,2113082,191,1823248,197,992285,199,1447964,1
1651190400,191,190,1749150,1275645,Nature rune,0,0,0,1,191,191,1749150,192,1586156,192,2203851,191,2019361,192,2097175,190,1287421,190,1794661,191,2294893,193,1582976,194,2435756,191,2723941,197,2314885,199,2068023,1
1651212000,192,190,1586156,754123,Nature rune,0,0,0,1,191,192,1586156,192,2203851,191,2019361,192,2097175,190,1287421,190,1794661,191,2294893,193,1582976,193,1097941,194,1904947,196,1847253,198,1731126,199,1924514,1
1651233600,192,190,2203851,1411709,Nature rune,0,0,0,1,192,192,2203851,191,2019361,192,2097175,190,1287421,190,1794661,191,2294893,193,1582976,193,1097941,194,2113082,193,1515408,198,932515,199,1379768,199,902982,1
1651752000,198,197,1868623,1134538,Nature rune,0,0,0,1,199,198,1868623,198,1868623,198,1868623,198,1868623,198,1868623,198,1868623,198,1868623,198,1868623,198,1868623,198,1868623,198,1868623,198,1868623,198,1868623,1
